Date,TAVG (Degrees Fahrenheit),TMAX (Degrees Fahrenheit),TMIN (Degrees Fahrenheit),PRCP,SNOW (Inches),SNWD (Inches)
10/8/2011,,,,0,0,
10/9/2011,,,,,,
10/10/2011,,,,,,
10/11/2011,,,,,,
10/12/2011,,,,,,
10/13/2011,,,,,,
10/14/2011,,,,,,
10/15/2011,,,,,,
10/16/2011,,,,,,
10/17/2011,,,,,,
10/18/2011,,,,,,
10/19/2011,,,,,,
10/20/2011,,,,,,
10/21/2011,,,,,,
10/22/2011,,,,,,
10/23/2011,,,,,,
10/24/2011,,,,,,
10/25/2011,,,,,,
10/26/2011,,,,,,
10/27/2011,,,,,,
10/28/2011,,,,,,
10/29/2011,,,,,,
10/30/2011,,,,,,
10/31/2011,,,,,,
11/1/2011,,,,,,
11/2/2011,,,,,,
11/3/2011,,,,,,
11/4/2011,,,,,,
11/5/2011,,,,,,
11/6/2011,,,,,,
11/7/2011,,,,,,
11/8/2011,,,,,,
11/9/2011,,,,,,
11/10/2011,,,,,,
11/11/2011,,,,,,
11/12/2011,,,,,,
11/13/2011,,,,,,
11/14/2011,,,,,,
11/15/2011,,,,,,
11/16/2011,,,,,,
11/17/2011,,,,,,
11/18/2011,,,,,,
11/19/2011,,,,,,
11/20/2011,,,,,,
11/21/2011,,,,,,
11/22/2011,,,,,,
11/23/2011,,,,,,
11/24/2011,,,,,,
11/25/2011,,,,,,
11/26/2011,,,,,,
11/27/2011,,,,,,
11/28/2011,,,,,,
11/29/2011,,,,,,
11/30/2011,,,,,,
12/1/2011,,,,,,
12/2/2011,,,,,,
12/3/2011,,,,,,
12/4/2011,,,,,,
12/5/2011,,,,,,
12/6/2011,,,,,,
12/7/2011,,,,,,
12/8/2011,,,,,,
12/9/2011,,,,,,
12/10/2011,,,,,,
12/11/2011,,,,,,
12/12/2011,,,,,,
12/13/2011,,,,,,
12/14/2011,,,,,,
12/15/2011,,,,,,
12/16/2011,,,,,,
12/17/2011,,,,,,
12/18/2011,,,,,,
12/19/2011,,,,,,
12/20/2011,,,,,,
12/21/2011,,,,,,
12/22/2011,,,,,,
12/23/2011,,,,,,
12/24/2011,,,,,,
12/25/2011,,,,,,
12/26/2011,,,,,,
12/27/2011,,,,,,
12/28/2011,,,,,,
12/29/2011,,,,,,
12/30/2011,,,,,,
12/31/2011,,,,,,
1/1/2012,,,,,,
1/2/2012,,,,,,
1/3/2012,,,,,,
1/4/2012,,,,,,
1/5/2012,,,,,,
1/6/2012,,,,,,
1/7/2012,,,,,,
1/8/2012,,,,,,
1/9/2012,,,,,,
1/10/2012,,,,,,
1/11/2012,,,,,,
1/12/2012,,,,,,
1/13/2012,,,,,,
1/14/2012,,,,,,
1/15/2012,,,,,,
1/16/2012,,,,,,
1/17/2012,,,,,,
1/18/2012,,,,,,
1/19/2012,,,,,,
1/20/2012,,,,,,
1/21/2012,,,,,,
1/22/2012,,,,,,
1/23/2012,,,,,,
1/24/2012,,,,,,
1/25/2012,,,,,,
1/26/2012,,,,,,
1/27/2012,,,,,,
1/28/2012,,,,,,
1/29/2012,,,,,,
1/30/2012,,,,,,
1/31/2012,,,,,,
2/1/2012,,,,,,
2/2/2012,,,,,,
2/3/2012,,,,,,
2/4/2012,,,,,,
2/5/2012,,,,,,
2/6/2012,,,,,,
2/7/2012,,,,,,
2/8/2012,,,,,,
2/9/2012,,,,,,
2/10/2012,,,,,,
2/11/2012,,,,,,
2/12/2012,,,,,,
2/13/2012,,,,,,
2/14/2012,,,,,,
2/15/2012,,,,,,
2/16/2012,,,,,,
2/17/2012,,,,,,
2/18/2012,,,,,,
2/19/2012,,,,,,
2/20/2012,,,,,,
2/21/2012,,,,,,
2/22/2012,,,,,,
2/23/2012,,,,,,
2/24/2012,,,,,,
2/25/2012,,,,,,
2/26/2012,,,,,,
2/27/2012,,,,,,
2/28/2012,,,,,,
2/29/2012,,,,,,
3/1/2012,,,,,,
3/2/2012,,,,,,
3/3/2012,,,,,,
3/4/2012,,,,,,
3/5/2012,,,,,,
3/6/2012,,,,,,
3/7/2012,,,,,,
3/8/2012,,,,,,
3/9/2012,,,,,,
3/10/2012,,,,,,
3/11/2012,,,,,,
3/12/2012,,,,,,
3/13/2012,,,,,,
3/14/2012,,,,,,
3/15/2012,,,,,,
3/16/2012,,,,,,
3/17/2012,,,,,,
3/18/2012,,,,,,
3/19/2012,,,,,,
3/20/2012,,,,,,
3/21/2012,,,,,,
3/22/2012,,,,,,
3/23/2012,,,,,,
3/24/2012,,,,,,
3/25/2012,,,,,,
3/26/2012,,,,,,
3/27/2012,,,,,,
3/28/2012,,,,,,
3/29/2012,,,,,,
3/30/2012,,,,,,
3/31/2012,,,,,,
4/1/2012,,,,,,
4/2/2012,,,,,,
4/3/2012,,,,,,
4/4/2012,,,,,,
4/5/2012,,,,,,
4/6/2012,,,,,,
4/7/2012,,,,,,
4/8/2012,,,,,,
4/9/2012,,,,,,
4/10/2012,,,,,,
4/11/2012,,,,,,
4/12/2012,,,,,,
4/13/2012,,,,,,
4/14/2012,,,,,,
4/15/2012,,,,,,
4/16/2012,,,,,,
4/17/2012,,,,,,
4/18/2012,,,,,,
4/19/2012,,,,,,
4/20/2012,,,,,,
4/21/2012,,,,,,
4/22/2012,,,,,,
4/23/2012,,,,,,
4/24/2012,,,,,,
4/25/2012,,,,,,
4/26/2012,,,,,,
4/27/2012,,,,,,
4/28/2012,,,,,,
4/29/2012,,,,,,
4/30/2012,,,,,,
5/1/2012,,,,,,
5/2/2012,,,,,,
5/3/2012,,,,,,
5/4/2012,,,,,,
5/5/2012,,,,,,
5/6/2012,,,,,,
5/7/2012,,,,,,
5/8/2012,,,,,,
5/9/2012,,,,,,
5/10/2012,,,,,,
5/11/2012,,,,,,
5/12/2012,,,,,,
5/13/2012,,,,,,
5/14/2012,,,,,,
5/15/2012,,,,,,
5/16/2012,,,,,,
5/17/2012,,,,,,
5/18/2012,,,,,,
5/19/2012,,,,,,
5/20/2012,,,,,,
5/21/2012,,,,,,
5/22/2012,,,,,,
5/23/2012,,,,,,
5/24/2012,,,,,,
5/25/2012,,,,,,
5/26/2012,,,,,,
5/27/2012,,,,,,
5/28/2012,,,,,,
5/29/2012,,,,,,
5/30/2012,,,,,,
5/31/2012,,,,,,
6/1/2012,,,,,,
6/2/2012,,,,,,
6/3/2012,,,,,,
6/4/2012,,,,,,
6/5/2012,,,,,,
6/6/2012,,,,,,
6/7/2012,,,,,,
6/8/2012,,,,,,
6/9/2012,,,,,,
6/10/2012,,,,,,
6/11/2012,,,,,,
6/12/2012,,,,,,
6/13/2012,,,,,,
6/14/2012,,,,,,
6/15/2012,,,,,,
6/16/2012,,,,,,
6/17/2012,,,,,,
6/18/2012,,,,,,
6/19/2012,,,,,,
6/20/2012,,,,,,
6/21/2012,,,,,,
6/22/2012,,,,,,
6/23/2012,,,,,,
6/24/2012,,,,,,
6/25/2012,,,,,,
6/26/2012,,,,,,
6/27/2012,,,,,,
6/28/2012,,,,,,
6/29/2012,,,,,,
6/30/2012,,,,,,
7/1/2012,,,,,,
7/2/2012,,,,,,
7/3/2012,,,,,,
7/4/2012,,,,,,
7/5/2012,,,,,,
7/6/2012,,,,,,
7/7/2012,,,,,,
7/8/2012,,,,,,
7/9/2012,,,,,,
7/10/2012,,,,,,
7/11/2012,,,,,,
7/12/2012,,,,,,
7/13/2012,,,,,,
7/14/2012,,,,,,
7/15/2012,,,,,,
7/16/2012,,,,,,
7/17/2012,,,,,,
7/18/2012,,,,,,
7/19/2012,,,,,,
7/20/2012,,,,,,
7/21/2012,,,,,,
7/22/2012,,,,,,
7/23/2012,,,,,,
7/24/2012,,,,,,
7/25/2012,,,,,,
7/26/2012,,,,,,
7/27/2012,,,,,,
7/28/2012,,,,,,
7/29/2012,,,,,,
7/30/2012,,,,,,
7/31/2012,,,,,,
8/1/2012,,,,,,
8/2/2012,,,,,,
8/3/2012,,,,,,
8/4/2012,,,,,,
8/5/2012,,,,,,
8/6/2012,,,,,,
8/7/2012,,,,,,
8/8/2012,,,,,,
8/9/2012,,,,,,
8/10/2012,,,,,,
8/11/2012,,,,,,
8/12/2012,,,,,,
8/13/2012,,,,,,
8/14/2012,,,,,,
8/15/2012,,,,,,
8/16/2012,,,,,,
8/17/2012,,,,,,
8/18/2012,,,,,,
8/19/2012,,,,,,
8/20/2012,,,,,,
8/21/2012,,,,,,
8/22/2012,,,,,,
8/23/2012,,,,,,
8/24/2012,,,,,,
8/25/2012,,,,,,
8/26/2012,,,,,,
8/27/2012,,,,,,
8/28/2012,,,,,,
8/29/2012,,,,,,
8/30/2012,,,,,,
8/31/2012,,,,,,
9/1/2012,,,,,,
9/2/2012,,,,,,
9/3/2012,,,,,,
9/4/2012,,,,,,
9/5/2012,,,,,,
9/6/2012,,,,,,
9/7/2012,,,,,,
9/8/2012,,,,,,
9/9/2012,,,,,,
9/10/2012,,,,,,
9/11/2012,,,,,,
9/12/2012,,,,,,
9/13/2012,,,,,,
9/14/2012,,,,,,
9/15/2012,,,,,,
9/16/2012,,,,,,
9/17/2012,,,,,,
9/18/2012,,,,,,
9/19/2012,,,,,,
9/20/2012,,,,,,
9/21/2012,,,,,,
9/22/2012,,,,,,
9/23/2012,,,,,,
9/24/2012,,,,,,
9/25/2012,,,,,,
9/26/2012,,,,,,
9/27/2012,,,,,,
9/28/2012,,,,,,
9/29/2012,,,,,,
9/30/2012,,,,,,
10/1/2012,,,,,,
10/2/2012,,,,,,
10/3/2012,,,,,,
10/4/2012,,,,,,
10/5/2012,,,,,,
10/6/2012,,,,,,
10/7/2012,,,,,,
10/8/2012,,,,,,
10/9/2012,,,,,,
10/10/2012,,,,,,
10/11/2012,,,,,,
10/12/2012,,,,,,
10/13/2012,,,,,,
10/14/2012,,,,,,
10/15/2012,,,,,,
10/16/2012,,,,,,
10/17/2012,,,,,,
10/18/2012,,,,,,
10/19/2012,,,,,,
10/20/2012,,,,,,
10/21/2012,,,,,,
10/22/2012,,,,,,
10/23/2012,,,,,,
10/24/2012,,,,,,
10/25/2012,,,,,,
10/26/2012,,,,,,
10/27/2012,,,,,,
10/28/2012,,,,,,
10/29/2012,,,,,,
10/30/2012,,,,,,
10/31/2012,,,,,,
11/1/2012,,,,,,
11/2/2012,,,,,,
11/3/2012,,,,,,
11/4/2012,,,,,,
11/5/2012,,,,,,
11/6/2012,,,,,,
11/7/2012,,,,,,
11/8/2012,,,,,,
11/9/2012,,,,,,
11/10/2012,,,,,,
11/11/2012,,,,,,
11/12/2012,,,,,,
11/13/2012,,,,,,
11/14/2012,,,,,,
11/15/2012,,,,,,
11/16/2012,,,,,,
11/17/2012,,,,,,
11/18/2012,,,,,,
11/19/2012,,,,,,
11/20/2012,,,,,,
11/21/2012,,,,,,
11/22/2012,,,,,,
11/23/2012,,,,,,
11/24/2012,,,,,,
11/25/2012,,,,,,
11/26/2012,,,,,,
11/27/2012,,,,,,
11/28/2012,,,,,,
11/29/2012,,,,,,
11/30/2012,,,,,,
12/1/2012,,,,,,
12/2/2012,,,,,,
12/3/2012,,,,,,
12/4/2012,,,,,,
12/5/2012,,,,,,
12/6/2012,,,,,,
12/7/2012,,,,,,
12/8/2012,,,,,,
12/9/2012,,,,,,
12/10/2012,,,,,,
12/11/2012,,,,,,
12/12/2012,,,,,,
12/13/2012,,,,,,
12/14/2012,,,,,,
12/15/2012,,,,,,
12/16/2012,,,,,,
12/17/2012,,,,,,
12/18/2012,,,,,,
12/19/2012,,,,,,
12/20/2012,,,,,,
12/21/2012,,,,,,
12/22/2012,,,,,,
12/23/2012,,,,,,
12/24/2012,,,,,,
12/25/2012,,,,,,
12/26/2012,,,,,,
12/27/2012,,,,,,
12/28/2012,,,,,,
12/29/2012,,,,,,
12/30/2012,,,,,,
12/31/2012,,,,,,
1/1/2013,,,,,,
1/2/2013,,,,,,
1/3/2013,,,,,,
1/4/2013,,,,,,
1/5/2013,,,,,,
1/6/2013,,,,,,
1/7/2013,,,,,,
1/8/2013,,,,,,
1/9/2013,,,,,,
1/10/2013,,,,,,
1/11/2013,,,,,,
1/12/2013,,,,,,
1/13/2013,,,,,,
1/14/2013,,,,,,
1/15/2013,,,,,,
1/16/2013,,,,,,
1/17/2013,,,,,,
1/18/2013,,,,,,
1/19/2013,,,,,,
1/20/2013,,,,,,
1/21/2013,,,,,,
1/22/2013,,,,,,
1/23/2013,,,,,,
1/24/2013,,,,,,
1/25/2013,,,,,,
1/26/2013,,,,,,
1/27/2013,,,,,,
1/28/2013,,,,,,
1/29/2013,,,,,,
1/30/2013,,,,,,
1/31/2013,,,,,,
2/1/2013,,,,,,
2/2/2013,,,,,,
2/3/2013,,,,,,
2/4/2013,,,,,,
2/5/2013,,,,,,
2/6/2013,,,,,,
2/7/2013,,,,,,
2/8/2013,,,,,,
2/9/2013,,,,,,
2/10/2013,,,,,,
2/11/2013,,,,,,
2/12/2013,,,,,,
2/13/2013,,,,,,
2/14/2013,,,,,,
2/15/2013,,,,,,
2/16/2013,,,,,,
2/17/2013,,,,,,
2/18/2013,,,,,,
2/19/2013,,,,,,
2/20/2013,,,,,,
2/21/2013,,,,,,
2/22/2013,,,,,,
2/23/2013,,,,,,
2/24/2013,,,,,,
2/25/2013,,,,,,
2/26/2013,,,,,,
2/27/2013,,,,,,
2/28/2013,,,,,,
3/1/2013,,,,,,
3/2/2013,,,,,,
3/3/2013,,,,,,
3/4/2013,,,,,,
3/5/2013,,,,,,
3/6/2013,,,,,,
3/7/2013,,,,,,
3/8/2013,,,,,,
3/9/2013,,,,,,
3/10/2013,,,,,,
3/11/2013,,,,,,
3/12/2013,,,,,,
3/13/2013,,,,,,
3/14/2013,,,,,,
3/15/2013,,,,,,
3/16/2013,,,,,,
3/17/2013,,,,,,
3/18/2013,,,,,,
3/19/2013,,,,,,
3/20/2013,,,,,,
3/21/2013,,,,,,
3/22/2013,,,,,,
3/23/2013,,,,,,
3/24/2013,,,,,,
3/25/2013,,,,,,
3/26/2013,,,,,,
3/27/2013,,,,,,
3/28/2013,,,,,,
3/29/2013,,,,,,
3/30/2013,,,,,,
3/31/2013,,,,,,
4/1/2013,,,,,,
4/2/2013,,,,,,
4/3/2013,,,,,,
4/4/2013,,,,,,
4/5/2013,,,,,,
4/6/2013,,,,,,
4/7/2013,,,,,,
4/8/2013,,,,,,
4/9/2013,,,,,,
4/10/2013,,,,,,
4/11/2013,,,,,,
4/12/2013,,,,,,
4/13/2013,,,,,,
4/14/2013,,,,,,
4/15/2013,,,,,,
4/16/2013,,,,,,
4/17/2013,,,,0,0,
4/18/2013,,,,0,0,
4/19/2013,,,,0.03,,
4/20/2013,,,,1.21,,
4/21/2013,,,,0.11,,
4/22/2013,,,,0,,
4/23/2013,,,,0.63,,
4/24/2013,,,,0.01,,
4/25/2013,,,,0,0,
4/26/2013,,,,0,,
4/27/2013,,,,0,0,
4/28/2013,,,,0,0,
4/29/2013,,,,0.05,,
4/30/2013,,,,0.58,,
5/1/2013,,,,0,,
5/2/2013,,,,0,0,
5/3/2013,,,,0,0,
5/4/2013,,,,0,0,
5/5/2013,,,,0,0,
5/6/2013,,,,0,0,
5/7/2013,,,,0.22,,
5/8/2013,,,,0.04,,
5/9/2013,,,,0.02,,
5/10/2013,,,,0,0,
5/11/2013,,,,0,0,
5/12/2013,,,,0.03,,
5/13/2013,,,,0.01,,
5/14/2013,,,,0,0,
5/15/2013,,,,0,0,
5/16/2013,,,,0,0,
5/17/2013,,,,0,0,
5/18/2013,,,,0.01,,
5/19/2013,,,,0.32,,
5/20/2013,,,,0.01,,
5/21/2013,,,,0.1,,
5/22/2013,,,,0.12,,
5/23/2013,,,,0.18,,
5/24/2013,,,,0.14,,
5/25/2013,,,,0.02,,
5/26/2013,,,,0,0,
5/27/2013,,,,0,0,
5/28/2013,,,,0,0,
5/29/2013,,,,0,0,
5/30/2013,,,,0,0,
5/31/2013,,,,0,0,
6/1/2013,,,,0,0,
6/2/2013,,,,0,0,
6/3/2013,,,,0,0,
6/4/2013,,,,0.37,,
6/5/2013,,,,0,0,
6/6/2013,,,,0,0,
6/7/2013,,,,0.37,,
6/8/2013,,,,1.12,,
6/9/2013,,,,0.38,,
6/10/2013,,,,0.03,,
6/11/2013,,,,0.91,,
6/12/2013,,,,0,0,
6/13/2013,,,,0,0,
6/14/2013,,,,0.34,,
6/15/2013,,,,0,0,
6/16/2013,,,,0,0,
6/17/2013,,,,0,0,
6/18/2013,,,,0.05,,
6/19/2013,,,,0.72,,
6/20/2013,,,,0.01,,
6/21/2013,,,,0,0,
6/22/2013,,,,0.05,,
6/23/2013,,,,0.03,,
6/24/2013,,,,0.13,,
6/25/2013,,,,0,0,
6/26/2013,,,,0,0,
6/27/2013,,,,0.02,,
6/28/2013,,,,0.03,,
6/29/2013,,,,1.12,,
6/30/2013,,,,1.16,,
7/1/2013,,,,0.22,,
7/2/2013,,,,0.18,,
7/3/2013,,,,0.08,,
7/4/2013,,,,0.01,,
7/5/2013,,,,0.02,,
7/6/2013,,,,0,0,
7/7/2013,,,,0,0,
7/8/2013,,,,0,0,
7/9/2013,,,,0,0,
7/10/2013,,,,0,0,
7/11/2013,,,,0,0,
7/12/2013,,,,0.14,,
7/13/2013,,,,0.4,,
7/14/2013,,,,0.01,,
7/15/2013,,,,0,0,
7/16/2013,,,,0,0,
7/17/2013,,,,0.01,,
7/18/2013,,,,0,0,
7/19/2013,,,,0,0,
7/20/2013,,,,0,0,
7/21/2013,,,,0,,
7/22/2013,,,,0,0,
7/23/2013,,,,,,
7/24/2013,,,,,,
7/25/2013,,,,,,
7/26/2013,,,,,,
7/27/2013,,,,,,
7/28/2013,,,,0.05,,
7/29/2013,,,,0.42,,
7/30/2013,,,,0.46,,
7/31/2013,,,,0,0,
8/1/2013,,,,0.13,,
8/2/2013,,,,0.29,,
8/3/2013,,,,0,0,
8/4/2013,,,,0.02,,
8/5/2013,,,,0,,
8/6/2013,,,,0,0,
8/7/2013,,,,0,,
8/8/2013,,,,0,0,
8/9/2013,,,,0,0,
8/10/2013,,,,0,0,
8/11/2013,,,,2.48,,
8/12/2013,,,,0.16,,
8/13/2013,,,,0.02,,
8/14/2013,,,,0.78,,
8/15/2013,,,,0,0,
8/16/2013,,,,0.44,,
8/17/2013,,,,0.09,,
8/18/2013,,,,0.22,,
8/19/2013,,,,0,,
8/20/2013,,,,0.08,,
8/21/2013,,,,0,0,
8/22/2013,,,,0,0,
8/23/2013,,,,0,0,
8/24/2013,,,,0.25,,
8/25/2013,,,,0,0,
8/26/2013,,,,0,0,
8/27/2013,,,,0,0,
8/28/2013,,,,0,0,
8/29/2013,,,,0.23,,
8/30/2013,,,,0,,
8/31/2013,,,,0,0,
9/1/2013,,,,0,0,
9/2/2013,,,,0.02,,
9/3/2013,,,,0,,
9/4/2013,,,,0.16,,
9/5/2013,,,,0.01,,
9/6/2013,,,,0,0,
9/7/2013,,,,0,0,
9/8/2013,,,,0,0,
9/9/2013,,,,0,0,
9/10/2013,,,,0,0,
9/11/2013,,,,0,0,
9/12/2013,,,,0,0,
9/13/2013,,,,0,0,
9/14/2013,,,,0,0,
9/15/2013,,,,0,0,
9/16/2013,,,,0,0,
9/17/2013,,,,0.23,,
9/18/2013,,,,0.01,,
9/19/2013,,,,0,0,
9/20/2013,,,,0,0,
9/21/2013,,,,0,0,
9/22/2013,,,,0.5,,
9/23/2013,,,,0.49,,
9/24/2013,,,,0,0,
9/25/2013,,,,0,0,
9/26/2013,,,,0,0,
9/27/2013,,,,0,,
9/28/2013,,,,0,0,
9/29/2013,,,,0,,
9/30/2013,,,,0,0,
10/1/2013,,,,0,,
10/2/2013,,,,0,0,
10/3/2013,,,,0,0,
10/4/2013,,,,0,0,
10/5/2013,,,,0,0,
10/6/2013,,,,0,0,
10/7/2013,,,,0.01,,
10/8/2013,,,,0.12,,
10/9/2013,,,,1.85,,
10/10/2013,,,,1.2,,
10/11/2013,,,,1.58,,
10/12/2013,,,,0.04,,
10/13/2013,,,,0.02,,
10/14/2013,,,,0,,
10/15/2013,,,,0.01,,
10/16/2013,,,,0,,
10/17/2013,,,,0,0,
10/18/2013,,,,0,0,
10/19/2013,,,,0.37,,
10/20/2013,,,,0.12,,
10/21/2013,,,,0,0,
10/22/2013,,,,0,0,
10/23/2013,,,,0.15,,
10/24/2013,,,,0.01,,
10/25/2013,,,,0,0,
10/26/2013,,,,0,0,
10/27/2013,,,,0,0,
10/28/2013,,,,0,0,
10/29/2013,,,,0,0,
10/30/2013,,,,0,0,
10/31/2013,,,,0,0,
11/1/2013,,,,0.01,,
11/2/2013,,,,1.41,,
11/3/2013,,,,0.02,,
11/4/2013,,,,0,0,
11/5/2013,,,,0,0,
11/6/2013,,,,0,0,
11/7/2013,,,,0.09,,
11/8/2013,,,,0.47,,
11/9/2013,,,,0,0,
11/10/2013,,,,0,0,
11/11/2013,,,,0,0,
11/12/2013,,,,0,0,
11/13/2013,,,,0.02,,
11/14/2013,,,,0,,
11/15/2013,,,,0,0,
11/16/2013,,,,0.3,,
11/17/2013,,,,0.01,,
11/18/2013,,,,0.02,,
11/19/2013,,,,0,0,
11/20/2013,,,,0,0,
11/21/2013,,,,0,0,
11/22/2013,,,,0,,
11/23/2013,,,,0.1,,
11/24/2013,,,,0,,
11/25/2013,,,,0,0,
11/26/2013,,,,0,0,
11/27/2013,,,,,,
11/28/2013,,,,,,
11/29/2013,,,,,,
11/30/2013,,,,,,
12/1/2013,,,,,,
12/2/2013,,,,,,
12/3/2013,,,,,,
12/4/2013,,,,,,
12/5/2013,,,,0.01,,
12/6/2013,,,,0.01,,
12/7/2013,,,,0,,
12/8/2013,,,,0.41,,
12/9/2013,,,,0.58,,
12/10/2013,,,,0.01,,
12/11/2013,,,,0.15,,
12/12/2013,,,,0,0,
12/13/2013,,,,0,0,
12/14/2013,,,,0,0,
12/15/2013,,,,0.96,,
12/16/2013,,,,0.01,0,
12/17/2013,,,,,,
12/18/2013,,,,,,
12/19/2013,,,,,,
12/20/2013,,,,,,
12/21/2013,,,,,,
12/22/2013,,,,,,
12/23/2013,,,,,,
12/24/2013,,,,,,
12/25/2013,,,,,,
12/26/2013,,,,,,
12/27/2013,,,,,,
12/28/2013,,,,0,0,
12/29/2013,,,,0,,
12/30/2013,,,,0.14,,
12/31/2013,,,,0.01,,
1/1/2014,,,,0,0,
1/2/2014,,,,0.2,,
1/3/2014,,,,0.76,,
1/4/2014,,,,0.01,0,
1/5/2014,,,,0,0,
1/6/2014,,,,0.01,,
1/7/2014,,,,0.03,,
1/8/2014,,,,0,0,
1/9/2014,,,,0,0,
1/10/2014,,,,0,0,
1/11/2014,,,,1.58,,
1/12/2014,,,,0.64,,
1/13/2014,,,,0,0,
1/14/2014,,,,0.3,,
1/15/2014,,,,0.73,,
1/16/2014,,,,0,,
1/17/2014,,,,0,0,
1/18/2014,,,,0.1,,
1/19/2014,,,,0,0,
1/20/2014,,,,0,,
1/21/2014,,,,0,0,
1/22/2014,,,,0.04,1.3,1.3
1/23/2014,,,,0,0,
1/24/2014,,,,0,0,
1/25/2014,,,,0,0,
1/26/2014,,,,0,0,
1/27/2014,,,,0,0,
1/28/2014,,,,0,0,
1/29/2014,,,,1.58,5.1,5.1
1/30/2014,,,,0,0,4.7
1/31/2014,,,,0.15,0,2.8
2/1/2014,,,,0,,1.2
2/2/2014,,,,0.07,,
2/3/2014,,,,0,,
2/4/2014,,,,0.01,,
2/5/2014,,,,0.26,,
2/6/2014,,,,0.11,,
2/7/2014,,,,0.11,1.3,1.3
2/8/2014,,,,0,0,
2/9/2014,,,,0.55,,
2/10/2014,,,,0,0,
2/11/2014,,,,0.01,0,
2/12/2014,,,,0.27,4.2,3.5
2/13/2014,,,,0.55,,
2/14/2014,,,,0.03,0,
2/15/2014,,,,0,0,
2/16/2014,,,,0.37,,
2/17/2014,,,,0,0,
2/18/2014,,,,0,,
2/19/2014,,,,0,0,
2/20/2014,,,,0.25,,
2/21/2014,,,,,,
2/22/2014,,,,0.05,,
2/23/2014,,,,0,0,
2/24/2014,,,,0,0,
2/25/2014,,,,0,0,
2/26/2014,,,,0,0,
2/27/2014,,,,0.19,,
2/28/2014,,,,0,0,
3/1/2014,,,,0,0,
3/2/2014,,,,0,0,
3/3/2014,,,,0,0,
3/4/2014,,,,0.32,0.2,
3/5/2014,,,,0,0,
3/6/2014,,,,0,,
3/7/2014,,,,1.09,,
3/8/2014,,,,0.37,,
3/9/2014,,,,0,0,
3/10/2014,,,,0,0,
3/11/2014,,,,0,0,
3/12/2014,,,,0,0,
3/13/2014,,,,0.01,,
3/14/2014,,,,0,0,
3/15/2014,,,,0,0,
3/16/2014,,,,0,0,
3/17/2014,,,,0.72,,
3/18/2014,,,,0.25,,
3/19/2014,,,,0.26,,
3/20/2014,,,,0.09,,
3/21/2014,,,,0,0,
3/22/2014,,,,0,0,
3/23/2014,,,,0,0,
3/24/2014,,,,0.03,,
3/25/2014,,,,0,0,
3/26/2014,,,,1.03,,
3/27/2014,,,,0,0,
3/28/2014,,,,0,0,
3/29/2014,,,,0.02,,
3/30/2014,,,,0.07,,
3/31/2014,,,,0.03,,
4/1/2014,,,,0,0,
4/2/2014,,,,0,0,
4/3/2014,,,,0,0,
4/4/2014,,,,0,,
4/5/2014,,,,0,0,
4/6/2014,,,,0,0,
4/7/2014,,,,0,,
4/8/2014,,,,0.82,,
4/9/2014,,,,0.08,,
4/10/2014,,,,0,0,
4/11/2014,,,,0,0,
4/12/2014,,,,0,0,
4/13/2014,,,,0,0,
4/14/2014,,,,0,0,
4/15/2014,,,,0.06,,
4/16/2014,,,,1.18,,
4/17/2014,,,,0,0,
4/18/2014,,,,0,0,
4/19/2014,,,,0.02,,
4/20/2014,,,,0.52,,
4/21/2014,,,,0.41,,
4/22/2014,,,,0.01,,
4/23/2014,,,,0,0,
4/24/2014,,,,0,0,
4/25/2014,,,,0,0,
4/26/2014,,,,0.95,,
4/27/2014,,,,0,0,
4/28/2014,,,,0,0,
4/29/2014,,,,1.22,,
4/30/2014,,,,0.04,,
5/1/2014,,,,1.3,,
5/2/2014,,,,0.02,,
5/3/2014,,,,0.03,,
5/4/2014,,,,0,0,
5/5/2014,,,,0,0,
5/6/2014,,,,0.02,,
5/7/2014,,,,0,0,
5/8/2014,,,,0,0,
5/9/2014,,,,0,0,
5/10/2014,,,,0,0,
5/11/2014,,,,0,0,
5/12/2014,,,,0,0,
5/13/2014,,,,0,0,
5/14/2014,,,,0,0,
5/15/2014,,,,0,0,
5/16/2014,,,,0.33,,
5/17/2014,,,,1.5,,
5/18/2014,,,,0,0,
5/19/2014,,,,0,0,
5/20/2014,,,,0,0,
5/21/2014,,,,0,0,
5/22/2014,,,,0,0,
5/23/2014,,,,0,0,
5/24/2014,,,,0,0,
5/25/2014,,,,0,0,
5/26/2014,,,,0,0,
5/27/2014,,,,0,0,
5/28/2014,,,,0,,
5/29/2014,,,,0.21,,
5/30/2014,,,,0,0,
5/31/2014,,,,0,0,
6/1/2014,,,,0,0,
6/2/2014,,,,0,0,
6/3/2014,,,,0,0,
6/4/2014,,,,0,0,
6/5/2014,,,,0.04,,
6/6/2014,,,,1.62,,
6/7/2014,,,,0,0,
6/8/2014,,,,0,0,
6/9/2014,,,,0,0,
6/10/2014,,,,0.28,,
6/11/2014,,,,0,0,
6/12/2014,,,,0,,
6/13/2014,,,,0.66,,
6/14/2014,,,,0.04,,
6/15/2014,,,,0,0,
6/16/2014,,,,0,0,
6/17/2014,,,,0,0,
6/18/2014,,,,0,0,
6/19/2014,,,,0,0,
6/20/2014,,,,0.84,,
6/21/2014,,,,0.01,,
6/22/2014,,,,0.02,,
6/23/2014,,,,0.01,,
6/24/2014,,,,0,0,
6/25/2014,,,,,,
6/26/2014,,,,,,
6/27/2014,,,,0,,
6/28/2014,,,,0.14,,
6/29/2014,,,,0,0,
6/30/2014,,,,0,0,
7/1/2014,,,,0,0,
7/2/2014,,,,0,0,
7/3/2014,,,,0,0,
7/4/2014,,,,1.49,,
7/5/2014,,,,0.01,,
7/6/2014,,,,0,0,
7/7/2014,,,,0,0,
7/8/2014,,,,0,0,
7/9/2014,,,,0,0,
7/10/2014,,,,0,0,
7/11/2014,,,,0.79,,
7/12/2014,,,,0.01,,
7/13/2014,,,,0,0,
7/14/2014,,,,0,0,
7/15/2014,,,,0,0,
7/16/2014,,,,0.38,,
7/17/2014,,,,0.56,,
7/18/2014,,,,0,0,
7/19/2014,,,,0.04,,
7/20/2014,,,,0.97,,
7/21/2014,,,,0,,
7/22/2014,,,,0.18,,
7/23/2014,,,,0.55,,
7/24/2014,,,,0,,
7/25/2014,,,,0.53,,
7/26/2014,,,,0,0,
7/27/2014,,,,0,0,
7/28/2014,,,,0,,
7/29/2014,,,,0,0,
7/30/2014,,,,0,0,
7/31/2014,,,,0,0,
8/1/2014,,,,0,0,
8/2/2014,,,,1.49,,
8/3/2014,,,,0.03,,
8/4/2014,,,,0.72,,
8/5/2014,,,,0.07,,
8/6/2014,,,,0,0,
8/7/2014,,,,0.98,0,
8/8/2014,,,,0.01,0,
8/9/2014,,,,0.08,,
8/10/2014,,,,0,0,
8/11/2014,,,,0,0,
8/12/2014,,,,0,,
8/13/2014,,,,0.6,,
8/14/2014,,,,0,0,
8/15/2014,,,,0,0,
8/16/2014,,,,0,0,
8/17/2014,,,,0,,
8/18/2014,,,,0,0,
8/19/2014,,,,0.38,,
8/20/2014,,,,0,0,
8/21/2014,,,,0,0,
8/22/2014,,,,0.02,,
8/23/2014,,,,0,0,
8/24/2014,,,,0,,
8/25/2014,,,,0,0,
8/26/2014,,,,0,0,
8/27/2014,,,,0,0,
8/28/2014,,,,0,0,
8/29/2014,,,,0.03,,
8/30/2014,,,,0.28,,
8/31/2014,,,,0,0,
9/1/2014,,,,0,0,
9/2/2014,,,,0,0,
9/3/2014,,,,0,0,
9/4/2014,,,,0,,
9/5/2014,,,,0,,
9/6/2014,,,,0,0,
9/7/2014,,,,0.5,,
9/8/2014,,,,2.47,,
9/9/2014,,,,1.7,,
9/10/2014,,,,0.62,,
9/11/2014,,,,0,0,
9/12/2014,,,,0,0,
9/13/2014,,,,0.02,,
9/14/2014,,,,0.85,,
9/15/2014,,,,0,0,
9/16/2014,,,,0,0,
9/17/2014,,,,0,0,
9/18/2014,,,,0,0,
9/19/2014,,,,0,0,
9/20/2014,,,,0,0,
9/21/2014,,,,0.68,,
9/22/2014,,,,,,
9/23/2014,,,,,,
9/24/2014,,,,,,
9/25/2014,,,,,,
9/26/2014,,,,,,
9/27/2014,,,,,,
9/28/2014,,,,,,
9/29/2014,,,,,,
9/30/2014,,,,,,
10/1/2014,,,,,,
10/2/2014,,,,0,0,
10/3/2014,,,,0,0,
10/4/2014,,,,0,,
10/5/2014,,,,0,0,
10/6/2014,,,,0,0,
10/7/2014,,,,0,0,
10/8/2014,,,,0,0,
10/9/2014,,,,0.18,,
10/10/2014,,,,0,0,
10/11/2014,,,,0,0,
10/12/2014,,,,0.8,,
10/13/2014,,,,0,0,
10/14/2014,,,,0,0,
10/15/2014,,,,0,,
10/16/2014,,,,0.38,,
10/17/2014,,,,0,0,
10/18/2014,,,,0,0,
10/19/2014,,,,0.01,0,
10/20/2014,,,,0,0,
10/21/2014,,,,0.01,,
10/22/2014,,,,0.02,,
10/23/2014,,,,0,,
10/24/2014,,,,0,0,
10/25/2014,,,,0,0,
10/26/2014,,,,0,0,
10/27/2014,,,,0,0,
10/28/2014,,,,,,
10/29/2014,,,,0,0,
10/30/2014,,,,0.18,,
10/31/2014,,,,,,
11/1/2014,,,,,,
11/2/2014,,,,,,
11/3/2014,,,,,,
11/4/2014,,,,,,
11/5/2014,,,,,,
11/6/2014,,,,,,
11/7/2014,,,,,,
11/8/2014,,,,,,
11/9/2014,,,,,,
11/10/2014,,,,,,
11/11/2014,,,,,,
11/12/2014,,,,,,
11/13/2014,,,,,,
11/14/2014,,,,,,
11/15/2014,,,,,,
11/16/2014,,,,,,
11/17/2014,,,,,,
11/18/2014,,,,,,
11/19/2014,,,,,,
11/20/2014,,,,,,
11/21/2014,,,,,,
11/22/2014,,,,,,
11/23/2014,,,,,,
11/24/2014,,,,0.68,,
11/25/2014,,,,0.07,,
11/26/2014,,,,0.6,,
11/27/2014,,,,1.83,,
11/28/2014,,,,0,,
11/29/2014,,,,0,0,
11/30/2014,,,,0,0,
12/1/2014,,,,0,0,
12/2/2014,,,,0,0,
12/3/2014,,,,0,,
12/4/2014,,,,0,0,
12/5/2014,,,,0,0,
12/6/2014,,,,0,0,
12/7/2014,,,,0.6,,
12/8/2014,,,,0.03,,
12/9/2014,,,,0.41,,
12/10/2014,,,,0.1,,
12/11/2014,,,,0,0,
12/12/2014,,,,0,0,
12/13/2014,,,,0,0,
12/14/2014,,,,0,0,
12/15/2014,,,,0,0,
12/16/2014,,,,0,0,
12/17/2014,,,,0.25,,
12/18/2014,,,,0,0,
12/19/2014,,,,0,0,
12/20/2014,,,,0,0,
12/21/2014,,,,0,,
12/22/2014,,,,0.04,,
12/23/2014,,,,1.84,,
12/24/2014,,,,0.42,,
12/25/2014,,,,1.02,,
12/26/2014,,,,0,0,
12/27/2014,,,,0,0,
12/28/2014,,,,0,0,
12/29/2014,,,,0.08,,
12/30/2014,,,,0.27,,
12/31/2014,,,,,,
1/1/2015,,,,0,0,
1/2/2015,,,,0,0,
1/3/2015,,,,0.01,,
1/4/2015,,,,0.1,,
1/5/2015,,,,0.66,,
1/6/2015,,,,0,0,
1/7/2015,,,,0,0,
1/8/2015,,,,0,0,
1/9/2015,,,,0,0,0
1/10/2015,,,,0,,
1/11/2015,,,,0,0,
1/12/2015,,,,0,0,
1/13/2015,,,,1.92,,
1/14/2015,,,,0.83,,
1/15/2015,,,,0.01,,
1/16/2015,,,,0,0,
1/17/2015,,,,0,0,
1/18/2015,,,,0,0,
1/19/2015,,,,0.48,,
1/20/2015,,,,0,0,
1/21/2015,,,,0,0,
1/22/2015,,,,0,0,
1/23/2015,,,,0,0,
1/24/2015,,,,2.12,,
1/25/2015,,,,0.38,,
1/26/2015,,,,0,0,
1/27/2015,,,,0.02,0,
1/28/2015,,,,0.03,0,
1/29/2015,,,,0,0,
1/30/2015,,,,0,,
1/31/2015,,,,0.15,,
2/1/2015,,,,0,0,
2/2/2015,,,,0.31,,
2/3/2015,,,,0.32,,
2/4/2015,,,,0,0,
2/5/2015,,,,0.99,,
2/6/2015,,,,0.06,,
2/7/2015,,,,0,0,
2/8/2015,,,,0,0,
2/9/2015,,,,0,0,
2/10/2015,,,,0.15,,
2/11/2015,,,,0.3,,
2/12/2015,,,,0,,
2/13/2015,,,,0.02,0,
2/14/2015,,,,0,0,
2/15/2015,,,,0,0,
2/16/2015,,,,0,0,
2/17/2015,,,,1.18,0,
2/18/2015,,,,0.02,,
2/19/2015,,,,0.08,,0.5
2/20/2015,,,,0,0,
2/21/2015,,,,0,0,
2/22/2015,,,,0.14,,
2/23/2015,,,,0.14,,
2/24/2015,,,,0.13,,
2/25/2015,,,,0.4,3.2,1
2/26/2015,,,,1.24,,0
2/27/2015,,,,0.05,,
2/28/2015,,,,0,0,
3/1/2015,,,,0,0,
3/2/2015,,,,0.17,,
3/3/2015,,,,0.01,,
3/4/2015,,,,0.02,,
3/5/2015,,,,0,,
3/6/2015,,,,0.52,0,
3/7/2015,,,,0,0,
3/8/2015,,,,0,0,
3/9/2015,,,,0,0,
3/10/2015,,,,0,0,
3/11/2015,,,,0,,
3/12/2015,,,,0.22,,
3/13/2015,,,,0,0,
3/14/2015,,,,,,
3/15/2015,,,,,,
3/16/2015,,,,0,,
3/17/2015,,,,0,0,
3/18/2015,,,,0,0,
3/19/2015,,,,0,0,
3/20/2015,,,,0.13,,
3/21/2015,,,,0.21,,
3/22/2015,,,,0,0,
3/23/2015,,,,0,0,
3/24/2015,,,,0,0,
3/25/2015,,,,0,0,
3/26/2015,,,,0.01,,
3/27/2015,,,,0.05,,
3/28/2015,,,,0.56,,
3/29/2015,,,,0,0,
3/30/2015,,,,0,0,
3/31/2015,,,,0.14,,
4/1/2015,,,,0,0,
4/2/2015,,,,0,0,
4/3/2015,,,,0,0,
4/4/2015,,,,0,0,
4/5/2015,,,,0.09,,
4/6/2015,,,,0,0,
4/7/2015,,,,0,0,
4/8/2015,,,,0.02,,
4/9/2015,,,,0.54,,
4/10/2015,,,,0.01,,
4/11/2015,,,,0.3,,
4/12/2015,,,,0.01,,
4/13/2015,,,,0,0,
4/14/2015,,,,0,0,
4/15/2015,,,,1.11,,
4/16/2015,,,,0.02,,
4/17/2015,,,,0,0,
4/18/2015,,,,0,0,
4/19/2015,,,,,,
4/20/2015,,,,0.51,,
4/21/2015,,,,0.03,,
4/22/2015,,,,0,0,
4/23/2015,,,,0,0,
4/24/2015,,,,0,0,
4/25/2015,,,,0,0,
4/26/2015,,,,0.18,,
4/27/2015,,,,0.08,,
4/28/2015,,,,0,0,
4/29/2015,,,,0,0,
4/30/2015,,,,0,0,
5/1/2015,,,,0.35,,
5/2/2015,,,,0.16,,
5/3/2015,,,,0,0,
5/4/2015,,,,0,0,
5/5/2015,,,,0,0,
5/6/2015,,,,0,0,
5/7/2015,,,,0,0,
5/8/2015,,,,0,0,
5/9/2015,,,,0.01,,
5/10/2015,,,,0.02,,
5/11/2015,,,,0.95,,
5/12/2015,,,,2.11,,
5/13/2015,,,,0.02,,
5/14/2015,,,,0,0,
5/15/2015,,,,0,0,
5/16/2015,,,,0,0,
5/17/2015,,,,0,0,
5/18/2015,,,,0,0,
5/19/2015,,,,0,0,
5/20/2015,,,,0.16,,
5/21/2015,,,,0.01,,
5/22/2015,,,,0.43,,
5/23/2015,,,,0,0,
5/24/2015,,,,0,0,
5/25/2015,,,,0,0,
5/26/2015,,,,0,0,
5/27/2015,,,,0,,
5/28/2015,,,,0,0,
5/29/2015,,,,0,0,
5/30/2015,,,,0,0,
5/31/2015,,,,0,0,
6/1/2015,,,,0,0,
6/2/2015,,,,0,0,
6/3/2015,,,,0.21,,
6/4/2015,,,,0.92,,
6/5/2015,,,,0.17,,
6/6/2015,,,,0,,
6/7/2015,,,,0,,
6/8/2015,,,,0,0,
6/9/2015,,,,0,0,
6/10/2015,,,,0,,
6/11/2015,,,,0,0,
6/12/2015,,,,0,0,
6/13/2015,,,,0,0,
6/14/2015,,,,0,0,
6/15/2015,,,,0,0,
6/16/2015,,,,0,0,
6/17/2015,,,,0,0,
6/18/2015,,,,0.21,,
6/19/2015,,,,0,,
6/20/2015,,,,0,0,
6/21/2015,,,,0,0,
6/22/2015,,,,0,0,
6/23/2015,,,,0,0,
6/24/2015,,,,0.04,,
6/25/2015,,,,0,0,
6/26/2015,,,,,,
6/27/2015,,,,,,
6/28/2015,,,,,,
6/29/2015,,,,,,
6/30/2015,,,,,,
7/1/2015,,,,,,
7/2/2015,,,,0,0,
7/3/2015,,,,2.89,,
7/4/2015,,,,2.88,,
7/5/2015,,,,0.53,0,
7/6/2015,,,,0,0,
7/7/2015,,,,0.45,,
7/8/2015,,,,0,0,
7/9/2015,,,,0,0,
7/10/2015,,,,0,0,
7/11/2015,,,,0,,
7/12/2015,,,,0.51,,
7/13/2015,,,,0.01,,
7/14/2015,,,,0.11,,
7/15/2015,,,,0,,
7/16/2015,,,,0.08,,
7/17/2015,,,,0.05,,
7/18/2015,,,,0,0,
7/19/2015,,,,0.01,,
7/20/2015,,,,0,0,
7/21/2015,,,,0.04,,
7/22/2015,,,,0,0,
7/23/2015,,,,0,0,
7/24/2015,,,,0.5,,
7/25/2015,,,,0,0,
7/26/2015,,,,0,0,
7/27/2015,,,,0,0,
7/28/2015,,,,0,0,
7/29/2015,,,,0,0,
7/30/2015,,,,0,0,
7/31/2015,,,,0,0,
8/1/2015,,,,0,0,
8/2/2015,,,,0,0,
8/3/2015,,,,0,0,
8/4/2015,,,,0,0,
8/5/2015,,,,0.55,,
8/6/2015,,,,0,0,
8/7/2015,,,,0.75,,
8/8/2015,,,,0.22,,
8/9/2015,,,,0.63,,
8/10/2015,,,,0,0,
8/11/2015,,,,0,0,
8/12/2015,,,,0.34,,
8/13/2015,,,,0,0,
8/14/2015,,,,0,0,
8/15/2015,,,,0,0,
8/16/2015,,,,0,0,
8/17/2015,,,,0,0,
8/18/2015,,,,0,0,
8/19/2015,,,,0,0,
8/20/2015,,,,0.04,,
8/21/2015,,,,0.82,,
8/22/2015,,,,0,0,
8/23/2015,,,,0,0,
8/24/2015,,,,0,0,
8/25/2015,,,,0,,
8/26/2015,,,,1.92,,
8/27/2015,,,,1.27,,
8/28/2015,,,,0.05,,
8/29/2015,,,,0,0,
8/30/2015,,,,0,0,
8/31/2015,,,,0,0,
9/1/2015,,,,0.55,,
9/2/2015,,,,0,0,
9/3/2015,,,,0,0,
9/4/2015,,,,0,0,
9/5/2015,,,,0,0,
9/6/2015,,,,0,,
9/7/2015,,,,0.01,,
9/8/2015,,,,0,0,
9/9/2015,,,,0,,
9/10/2015,,,,1.7,,
9/11/2015,,,,0.93,,
9/12/2015,,,,0.25,,
9/13/2015,,,,0.39,,
9/14/2015,,,,0.04,,
9/15/2015,,,,0,0,
9/16/2015,,,,0,0,
9/17/2015,,,,0,0,
9/18/2015,,,,0,0,
9/19/2015,,,,0,0,
9/20/2015,,,,0,0,
9/21/2015,,,,0,0,
9/22/2015,,,,0,0,
9/23/2015,,,,0.88,,
9/24/2015,,,,0.01,,
9/25/2015,,,,0.3,,
9/26/2015,,,,2.62,,
9/27/2015,,,,0.48,0,
9/28/2015,,,,0.04,,
9/29/2015,,,,0.02,,
9/30/2015,,,,0.27,,
10/1/2015,,,,0.77,,
10/2/2015,,,,0.44,,
10/3/2015,,,,2.89,,
10/4/2015,,,,0.02,,
10/5/2015,,,,0.51,,
10/6/2015,,,,0.21,,
10/7/2015,,,,0,0,
10/8/2015,,,,0,0,
10/9/2015,,,,0,0,
10/10/2015,,,,0,0,
10/11/2015,,,,0.01,,
10/12/2015,,,,0.04,,
10/13/2015,,,,0.01,,
10/14/2015,,,,0,0,
10/15/2015,,,,,,
10/16/2015,,,,,,
10/17/2015,,,,,,
10/18/2015,,,,,,
10/19/2015,,,,,,
10/20/2015,,,,,,
10/21/2015,,,,,,
10/22/2015,,,,0,0,
10/23/2015,,,,0,0,
10/24/2015,,,,0,0,
10/25/2015,,,,0,0,
10/26/2015,,,,0,,
10/27/2015,,,,0,0,
10/28/2015,,,,0.18,,
10/29/2015,,,,0.09,,
10/30/2015,,,,0,0,
10/31/2015,,,,0,0,
11/1/2015,,,,0,0,
11/2/2015,,,,0.31,,
11/3/2015,,,,1.3,,
11/4/2015,,,,0.05,,
11/5/2015,,,,0.07,,
11/6/2015,,,,0.12,,
11/7/2015,,,,0,0,
11/8/2015,,,,0.3,,
11/9/2015,,,,0,,
11/10/2015,,,,0.91,,
11/11/2015,,,,0.07,,
11/12/2015,,,,0,0,
11/13/2015,,,,0,0,
11/14/2015,,,,0,0,
11/15/2015,,,,0,0,
11/16/2015,,,,0,0,
11/17/2015,,,,0,0,
11/18/2015,,,,0.05,,
11/19/2015,,,,0,0,
11/20/2015,,,,1.4,,
11/21/2015,,,,0,0,
11/22/2015,,,,0.01,,
11/23/2015,,,,1.42,,
11/24/2015,,,,0,0,
11/25/2015,,,,0,0,
11/26/2015,,,,0.01,,
11/27/2015,,,,0,0,
11/28/2015,,,,0,0,
11/29/2015,,,,0,0,
11/30/2015,,,,0.13,,
12/1/2015,,,,0.12,0,
12/2/2015,,,,0.23,,
12/3/2015,,,,0.07,,
12/4/2015,,,,0,0,
12/5/2015,,,,0,0,
12/6/2015,,,,0,0,
12/7/2015,,,,0.03,,
12/8/2015,,,,0.92,,
12/9/2015,,,,0,0,
12/10/2015,,,,0,,
12/11/2015,,,,0,0,
12/12/2015,,,,0,0,
12/13/2015,,,,0,0,
12/14/2015,,,,0,0,
12/15/2015,,,,0.05,,
12/16/2015,,,,0,0,
12/17/2015,,,,,,
12/18/2015,,,,,,
12/19/2015,,,,,,
12/20/2015,,,,,,
12/21/2015,,,,,,
12/22/2015,,,,,,
12/23/2015,,,,,,
12/24/2015,,,,,,
12/25/2015,,,,,,
12/26/2015,,,,,,
12/27/2015,,,,,,
12/28/2015,,,,,,
12/29/2015,,,,,,
12/30/2015,,,,,,
12/31/2015,,,,,,
1/1/2016,,,,,,
1/2/2016,,,,,,
1/3/2016,,,,,,
1/4/2016,,,,,,
1/5/2016,,,,,,
1/6/2016,,,,,,
1/7/2016,,,,,,
1/8/2016,,,,0.01,,
1/9/2016,,,,0.32,,
1/10/2016,,,,0.76,,
1/11/2016,,,,0.12,,
1/12/2016,,,,0,0,
1/13/2016,,,,0,0,
1/14/2016,,,,0,0,
1/15/2016,,,,0,0,
1/16/2016,,,,1,,
1/17/2016,,,,0,0,
1/18/2016,,,,0.47,,
1/19/2016,,,,0,0,
1/20/2016,,,,0,0,
1/21/2016,,,,0,0,
1/22/2016,,,,0,0,
1/23/2016,,,,1.88,,
1/24/2016,,,,0.09,0.5,
1/25/2016,,,,0,0,
1/26/2016,,,,0,0,
1/27/2016,,,,0,0,
1/28/2016,,,,0.03,,
1/29/2016,,,,0.07,,
1/30/2016,,,,0,0,
1/31/2016,,,,0,0,
2/1/2016,,,,0,0,
2/2/2016,,,,0,0,
2/3/2016,,,,0,0,
2/4/2016,,,,1.25,,
2/5/2016,,,,1.65,,
2/6/2016,,,,0.07,,
2/7/2016,,,,0,0,
2/8/2016,,,,1.02,0,
2/9/2016,,,,0,0,
2/10/2016,,,,0.01,,
2/11/2016,,,,0,0,
2/12/2016,,,,0,0,
2/13/2016,,,,0.51,3.5,
2/14/2016,,,,0,0,
2/15/2016,,,,0.02,0,
2/16/2016,,,,0.09,,
2/17/2016,,,,0.32,,
2/18/2016,,,,0,0,
2/19/2016,,,,0,0,
2/20/2016,,,,0,0,
2/21/2016,,,,0,0,
2/22/2016,,,,0,,
2/23/2016,,,,0.33,,
2/24/2016,,,,0.23,,
2/25/2016,,,,0.13,,
2/26/2016,,,,0,0,
2/27/2016,,,,0,0,
2/28/2016,,,,0,0,
2/29/2016,,,,0,0,
3/1/2016,,,,0,0,
3/2/2016,,,,0.02,,
3/3/2016,,,,0.19,,
3/4/2016,,,,0.85,,
3/5/2016,,,,0.05,,
3/6/2016,,,,0,0,
3/7/2016,,,,0,0,
3/8/2016,,,,0,0,
3/9/2016,,,,0,0,
3/10/2016,,,,0,0,
3/11/2016,,,,0,0,
3/12/2016,,,,0,0,
3/13/2016,,,,0,,
3/14/2016,,,,0.14,,
3/15/2016,,,,0.02,,
3/16/2016,,,,0,,
3/17/2016,,,,0,0,
3/18/2016,,,,0,0,
3/19/2016,,,,0,0,
3/20/2016,,,,0.04,,
3/21/2016,,,,0.44,,
3/22/2016,,,,0.02,,
3/23/2016,,,,0,0,
3/24/2016,,,,0,0,
3/25/2016,,,,0,0,
3/26/2016,,,,0.12,,
3/27/2016,,,,0.16,,
3/28/2016,,,,0.78,,
3/29/2016,,,,0,0,
3/30/2016,,,,0,0,
3/31/2016,,,,0,0,
4/1/2016,,,,0.79,,
4/2/2016,,,,0.05,,
4/3/2016,,,,0.45,,
4/4/2016,,,,0,0,
4/5/2016,,,,0,0,
4/6/2016,,,,0,0,
4/7/2016,,,,0.03,,
4/8/2016,,,,0.06,,
4/9/2016,,,,0,0,
4/10/2016,,,,0,0,
4/11/2016,,,,0,0,
4/12/2016,,,,0,0,
4/13/2016,,,,0.56,,
4/14/2016,,,,0,0,
4/15/2016,,,,0,0,
4/16/2016,,,,0,0,
4/17/2016,,,,0,0,
4/18/2016,,,,0,0,
4/19/2016,,,,0,0,
4/20/2016,,,,0,0,
4/21/2016,,,,0,0,
4/22/2016,,,,0,0,
4/23/2016,,,,0.74,,
4/24/2016,,,,0.01,,
4/25/2016,,,,0,0,
4/26/2016,,,,,,
4/27/2016,,,,,,
4/28/2016,,,,,,
4/29/2016,,,,,,
4/30/2016,,,,,,
5/1/2016,,,,,,
5/2/2016,,,,,,
5/3/2016,,,,,,
5/4/2016,,,,,,
5/5/2016,,,,,,
5/6/2016,,,,,,
5/7/2016,,,,,,
5/8/2016,,,,,,
5/9/2016,,,,,,
5/10/2016,,,,,,
5/11/2016,,,,,,
5/12/2016,,,,0.31,,
5/13/2016,,,,0,0,
5/14/2016,,,,0.38,,
5/15/2016,,,,0.58,,
5/16/2016,,,,0,0,
5/17/2016,,,,0,0,
5/18/2016,,,,0.31,,
5/19/2016,,,,0.14,,
5/20/2016,,,,0.01,,
5/21/2016,,,,2.37,,
5/22/2016,,,,0.43,,
5/23/2016,,,,0.06,,
5/24/2016,,,,0.04,,
5/25/2016,,,,,,
5/26/2016,,,,,,
5/27/2016,,,,,,
5/28/2016,,,,,,
5/29/2016,,,,,,
5/30/2016,,,,,,
5/31/2016,,,,,,
6/1/2016,,,,,,
6/2/2016,,,,,,
6/3/2016,,,,,,
6/4/2016,,,,,,
6/5/2016,,,,,,
6/6/2016,,,,,,
6/7/2016,,,,,,
6/8/2016,,,,,,
6/9/2016,,,,,,
6/10/2016,,,,,,
6/11/2016,,,,,,
6/12/2016,,,,,,
6/13/2016,,,,,,
6/14/2016,,,,,,
6/15/2016,,,,,,
6/16/2016,,,,0,,
6/17/2016,,,,1.05,,
6/18/2016,,,,0.01,,
6/19/2016,,,,0,0,
6/20/2016,,,,0,0,
6/21/2016,,,,0,0,
6/22/2016,,,,0,0,
6/23/2016,,,,0.54,,
6/24/2016,,,,0.56,,
6/25/2016,,,,0,,
6/26/2016,,,,0,,
6/27/2016,,,,0,0,
6/28/2016,,,,0,0,
6/29/2016,,,,0.24,,
6/30/2016,,,,0,0,
7/1/2016,,,,,,
7/2/2016,,,,,,
7/3/2016,,,,,,
7/4/2016,,,,,,
7/5/2016,,,,,,
7/6/2016,,,,1.2,,
7/7/2016,,,,0.26,,
7/8/2016,,,,0.01,,
7/9/2016,,,,0.03,,
7/10/2016,,,,0,0,
7/11/2016,,,,0,0,
7/12/2016,,,,0,0,
7/13/2016,,,,0.04,,
7/14/2016,,,,0,0,
7/15/2016,,,,0,0,
7/16/2016,,,,0.02,,
7/17/2016,,,,0.69,,
7/18/2016,,,,0,0,
7/19/2016,,,,0.07,,
7/20/2016,,,,0.02,,
7/21/2016,,,,0,0,
7/22/2016,,,,0,0,
7/23/2016,,,,0,0,
7/24/2016,,,,0,0,
7/25/2016,,,,0,0,
7/26/2016,,,,0,0,
7/27/2016,,,,0.62,,
7/28/2016,,,,0,0,
7/29/2016,,,,0,0,
7/30/2016,,,,0,0,
7/31/2016,,,,1.49,,
8/1/2016,,,,0.13,,
8/2/2016,,,,1.39,,
8/3/2016,,,,0.43,,
8/4/2016,,,,0.49,,
8/5/2016,,,,0,0,
8/6/2016,,,,0,,
8/7/2016,,,,0,0,
8/8/2016,,,,0.06,,
8/9/2016,,,,0.04,,
8/10/2016,,,,0,,
8/11/2016,,,,0,0,
8/12/2016,,,,0,0,
8/13/2016,,,,0.28,,
8/14/2016,,,,0,0,
8/15/2016,,,,0,0,
8/16/2016,,,,0,0,
8/17/2016,,,,0,0,
8/18/2016,,,,0,0,
8/19/2016,,,,0.41,,
8/20/2016,,,,0.13,,
8/21/2016,,,,0,0,
8/22/2016,,,,0.19,,
8/23/2016,,,,0,0,
8/24/2016,,,,0,0,
8/25/2016,,,,0,0,
8/26/2016,,,,0,0,
8/27/2016,,,,0,0,
8/28/2016,,,,0,0,
8/29/2016,,,,0.21,,
8/30/2016,,,,0,0,
8/31/2016,,,,0,0,
9/1/2016,,,,0,0,
9/2/2016,,,,1.55,,
9/3/2016,,,,6.07,,
9/4/2016,,,,0.12,,
9/5/2016,,,,0,0,
9/6/2016,,,,0,,
9/7/2016,,,,0,0,
9/8/2016,,,,0.05,,
9/9/2016,,,,0.06,,
9/10/2016,,,,0,0,
9/11/2016,,,,0,0,
9/12/2016,,,,0.67,,
9/13/2016,,,,0.01,,
9/14/2016,,,,0,0,
9/15/2016,,,,0,0,
9/16/2016,,,,0,0,
9/17/2016,,,,0,0,
9/18/2016,,,,0,0,
9/19/2016,,,,0,0,
9/20/2016,,,,1.62,,
9/21/2016,,,,1.12,,
9/22/2016,,,,0.21,,
9/23/2016,,,,0,,
9/24/2016,,,,0,0,
9/25/2016,,,,0.01,,
9/26/2016,,,,0,,
9/27/2016,,,,0,0,
9/28/2016,,,,0,0,
9/29/2016,,,,0,0,
9/30/2016,,,,0.02,,
10/1/2016,,,,0,0,
10/2/2016,,,,0.28,,
10/3/2016,,,,0.08,,
10/4/2016,,,,0,0,
10/5/2016,,,,0,0,
10/6/2016,,,,0.02,,
10/7/2016,,,,0.51,,
10/8/2016,,,,0.21,0,
10/9/2016,,,,8.66,,
10/10/2016,,,,0.01,,
10/11/2016,,,,0,0,
10/12/2016,,,,0,0,
10/13/2016,,,,0,0,
10/14/2016,,,,0,0,
10/15/2016,,,,0,0,
10/16/2016,,,,0,0,
10/17/2016,,,,0,0,
10/18/2016,,,,0,0,
10/19/2016,,,,0,0,
10/20/2016,,,,0,0,
10/21/2016,,,,0,0,
10/22/2016,,,,0.17,,
10/23/2016,,,,0,0,
10/24/2016,,,,0,0,
10/25/2016,,,,0,0,
10/26/2016,,,,0,0,
10/27/2016,,,,0,0,
10/28/2016,,,,0,0,
10/29/2016,,,,0,,
10/30/2016,,,,0,0,
10/31/2016,,,,0,0,
11/1/2016,,,,0.01,0,
11/2/2016,,,,0,0,
11/3/2016,,,,0,,
11/4/2016,,,,0.6,,
11/5/2016,,,,0.02,,
11/6/2016,,,,0,0,
11/7/2016,,,,0,0,
11/8/2016,,,,0,0,
11/9/2016,,,,0,0,
11/10/2016,,,,0.57,,
11/11/2016,,,,0,0,
11/12/2016,,,,0,0,
11/13/2016,,,,0,0,
11/14/2016,,,,0.05,,
11/15/2016,,,,0.52,,
11/16/2016,,,,0,0,
11/17/2016,,,,0,0,
11/18/2016,,,,0,0,
11/19/2016,,,,0,0,
11/20/2016,,,,0,0,
11/21/2016,,,,0,0,
11/22/2016,,,,0,0,
11/23/2016,,,,0,0,
11/24/2016,,,,0,0,
11/25/2016,,,,0.32,,
11/26/2016,,,,0.14,,
11/27/2016,,,,0,0,
11/28/2016,,,,0,0,
11/29/2016,,,,0,0,
11/30/2016,,,,0.03,,
12/1/2016,,,,0.28,,
12/2/2016,,,,0,0,
12/3/2016,,,,0,0,
12/4/2016,,,,0,0,
12/5/2016,,,,0.57,,
12/6/2016,,,,0.12,,
12/7/2016,,,,0.32,,
12/8/2016,,,,0,0,
12/9/2016,,,,0,0,
12/10/2016,,,,0,0,
12/11/2016,,,,0,0,
12/12/2016,,,,0.04,,
12/13/2016,,,,0.27,,
12/14/2016,,,,0.61,,
12/15/2016,,,,0,0,
12/16/2016,,,,0,0,
12/17/2016,,,,0.24,,
12/18/2016,,,,0.02,,
12/19/2016,,,,0.05,,
12/20/2016,,,,0.64,,
12/21/2016,,,,0.05,,
12/22/2016,,,,0,0,
12/23/2016,,,,0,0,
12/24/2016,,,,0,0,
12/25/2016,,,,0,0,
12/26/2016,,,,0,0,
12/27/2016,,,,0,,
12/28/2016,,,,0.04,,
12/29/2016,,,,0,0,
12/30/2016,,,,0.24,,
12/31/2016,,,,0,0,
1/1/2017,,,,0,,
1/2/2017,,,,0.26,,
1/3/2017,,,,0.54,,
1/4/2017,,,,0.05,,
1/5/2017,,,,0,,
1/6/2017,,,,0.05,,
1/7/2017,,,,1.34,,
1/8/2017,,,,0.26,0.5,
1/9/2017,,,,0,0,0
1/10/2017,,,,0,0,0
1/11/2017,,,,0.06,,
1/12/2017,,,,0,0,
1/13/2017,,,,,,
1/14/2017,,,,,,
1/15/2017,,,,,,
1/16/2017,,,,,,
1/17/2017,,,,,,
1/18/2017,,,,,,
1/19/2017,,,,,,
1/20/2017,,,,,,
1/21/2017,,,,,,
1/22/2017,,,,,,
1/23/2017,,,,,,
1/24/2017,,,,,,
1/25/2017,,,,,,
1/26/2017,,,,,,
1/27/2017,,,,,,
1/28/2017,,,,,,
1/29/2017,,,,0,0,
1/30/2017,,,,0,0,
1/31/2017,,,,0,0,
2/1/2017,,,,0,0,
2/2/2017,,,,0,0,
2/3/2017,,,,0.09,,
2/4/2017,,,,0.17,,
2/5/2017,,,,0.06,,
2/6/2017,,,,0.01,,
2/7/2017,,,,0,0,
2/8/2017,,,,0.1,,
2/9/2017,,,,0.15,,
2/10/2017,,,,0.01,,
2/11/2017,,,,0,0,
2/12/2017,,,,0,0,
2/13/2017,,,,0.3,,
2/14/2017,,,,0,0,
2/15/2017,,,,0,0,
2/16/2017,,,,0.41,,
2/17/2017,,,,0,0,
2/18/2017,,,,0,0,
2/19/2017,,,,0,0,
2/20/2017,,,,0,0,
2/21/2017,,,,0,0,
2/22/2017,,,,0,0,
2/23/2017,,,,0,0,
2/24/2017,,,,0.04,,
2/25/2017,,,,0,,
2/26/2017,,,,0,0,
2/27/2017,,,,0,0,
2/28/2017,,,,0,0,
3/1/2017,,,,0,,
3/2/2017,,,,0.64,,
3/3/2017,,,,0,0,
3/4/2017,,,,0,0,
3/5/2017,,,,0,0,
3/6/2017,,,,0,0,
3/7/2017,,,,,,
3/8/2017,,,,0.02,,
3/9/2017,,,,0.01,,
3/10/2017,,,,0,0,
3/11/2017,,,,0,0,
3/12/2017,,,,0,0,
3/13/2017,,,,0.01,0,
3/14/2017,,,,0.92,,
3/15/2017,,,,0.05,,
3/16/2017,,,,0,0,
3/17/2017,,,,0,0,
3/18/2017,,,,0.17,,
3/19/2017,,,,0.73,,
3/20/2017,,,,0.1,,
3/21/2017,,,,0,0,
3/22/2017,,,,0.51,,
3/23/2017,,,,0.01,,
3/24/2017,,,,0,0,
3/25/2017,,,,0,0,
3/26/2017,,,,0,0,
3/27/2017,,,,0,0,
3/28/2017,,,,0,0,
3/29/2017,,,,0.02,,
3/30/2017,,,,0,0,
3/31/2017,,,,,,
4/1/2017,,,,0.97,,
4/2/2017,,,,0,0,
4/3/2017,,,,0,0,
4/4/2017,,,,0.06,,
4/5/2017,,,,0,0,
4/6/2017,,,,0.11,,
4/7/2017,,,,0.42,,
4/8/2017,,,,0,0,
4/9/2017,,,,0,0,
4/10/2017,,,,0,0,
4/11/2017,,,,0,0,
4/12/2017,,,,0,0,
4/13/2017,,,,0,0,
4/14/2017,,,,0,0,
4/15/2017,,,,0.02,,
4/16/2017,,,,0.1,,
4/17/2017,,,,0,0,
4/18/2017,,,,0.31,,
4/19/2017,,,,0,0,
4/20/2017,,,,0,,
4/21/2017,,,,0,,
4/22/2017,,,,0,0,
4/23/2017,,,,,,
4/24/2017,,,,,,
4/25/2017,,,,0.24,,
4/26/2017,,,,0.46,,
4/27/2017,,,,0.01,,
4/28/2017,,,,0,0,
4/29/2017,,,,0,,
4/30/2017,,,,0,0,
5/1/2017,,,,0,0,
5/2/2017,,,,0.02,,
5/3/2017,,,,0,,
5/4/2017,,,,0,0,
5/5/2017,,,,0.38,,
5/6/2017,,,,0.56,,
5/7/2017,,,,0.04,,
5/8/2017,,,,0,0,
5/9/2017,,,,0,0,
5/10/2017,,,,0,0,
5/11/2017,,,,0.15,,
5/12/2017,,,,0.28,,
5/13/2017,,,,0.54,,
5/14/2017,,,,0.02,,
5/15/2017,,,,0,0,
5/16/2017,,,,0,0,
5/17/2017,,,,0,0,
5/18/2017,,,,,,
5/19/2017,,,,,,
5/20/2017,,,,,,
5/21/2017,,,,,,
5/22/2017,,,,,,
5/23/2017,,,,,,
5/24/2017,,,,,,
5/25/2017,,,,,,
5/26/2017,,,,0.13,,
5/27/2017,,,,0,0,
5/28/2017,,,,0.33,,
5/29/2017,,,,0,,
5/30/2017,,,,0.08,,
5/31/2017,,,,0.03,,
6/1/2017,,,,0.41,,
6/2/2017,,,,0,0,
6/3/2017,,,,0,0,
6/4/2017,,,,0,0,
6/5/2017,,,,0,0,
6/6/2017,,,,0.46,,
6/7/2017,,,,0.05,,
6/8/2017,,,,0.02,,
6/9/2017,,,,0.28,,
6/10/2017,,,,0,0,
6/11/2017,,,,0,0,
6/12/2017,,,,0,0,
6/13/2017,,,,0,0,
6/14/2017,,,,0,0,
6/15/2017,,,,0,0,
6/16/2017,,,,,,
6/17/2017,,,,,,
6/18/2017,,,,,,
6/19/2017,,,,,,
6/20/2017,,,,0.86,,
6/21/2017,,,,0.9,,
6/22/2017,,,,0.06,,
6/23/2017,,,,0,,
6/24/2017,,,,0,,
6/25/2017,,,,0.69,,
6/26/2017,,,,0,0,
6/27/2017,,,,0,0,
6/28/2017,,,,0.36,,
6/29/2017,,,,0,0,
6/30/2017,,,,0,0,
7/1/2017,,,,0,0,
7/2/2017,,,,0.65,,
7/3/2017,,,,0.63,,
7/4/2017,,,,0.08,,
7/5/2017,,,,0.04,,
7/6/2017,,,,0.42,,
7/7/2017,,,,0.02,,
7/8/2017,,,,0,0,
7/9/2017,,,,1.47,,
7/10/2017,,,,0.03,,
7/11/2017,,,,0.28,,
7/12/2017,,,,0.01,,
7/13/2017,,,,,,
7/14/2017,,,,,,
7/15/2017,,,,,,
7/16/2017,,,,,,
7/17/2017,,,,,,
7/18/2017,,,,,,
7/19/2017,,,,,,
7/20/2017,,,,0,0,
7/21/2017,,,,0,0,
7/22/2017,,,,0,0,
7/23/2017,,,,0,0,
7/24/2017,,,,0.42,,
7/25/2017,,,,0,,
7/26/2017,,,,0,0,
7/27/2017,,,,0,0,
7/28/2017,,,,0,0,
7/29/2017,,,,0.62,,
7/30/2017,,,,0.2,,
7/31/2017,,,,0,0,
8/1/2017,,,,0,0,
8/2/2017,,,,0,0,
8/3/2017,,,,0,0,
8/4/2017,,,,0,0,
8/5/2017,,,,0.45,,
8/6/2017,,,,0,0,
8/7/2017,,,,0.03,,
8/8/2017,,,,1.81,,
8/9/2017,,,,0.69,,
8/10/2017,,,,0,,
8/11/2017,,,,0,,
8/12/2017,,,,0.41,,
8/13/2017,,,,0.74,,
8/14/2017,,,,0.02,,
8/15/2017,,,,2.45,,
8/16/2017,,,,0.86,,
8/17/2017,,,,0,0,
8/18/2017,,,,0,0,
8/19/2017,,,,0.08,,
8/20/2017,,,,0.04,,
8/21/2017,,,,0,0,
8/22/2017,,,,0,0,
8/23/2017,,,,0.04,,
8/24/2017,,,,0.15,,
8/25/2017,,,,0,0,
8/26/2017,,,,0,0,
8/27/2017,,,,0,0,
8/28/2017,,,,0,0,
8/29/2017,,,,1.85,,
8/30/2017,,,,0.51,,
8/31/2017,,,,0,,
9/1/2017,,,,0.01,,
9/2/2017,,,,1.61,,
9/3/2017,,,,0.2,,
9/4/2017,,,,0,0,
9/5/2017,,,,0,0,
9/6/2017,,,,0.25,,
9/7/2017,,,,0.14,,
9/8/2017,,,,0,0,
9/9/2017,,,,0,0,
9/10/2017,,,,0,0,
9/11/2017,,,,0,0,
9/12/2017,,,,0,0,
9/13/2017,,,,0.04,,
9/14/2017,,,,0,,
9/15/2017,,,,0.14,,
9/16/2017,,,,0,0,
9/17/2017,,,,0,0,
9/18/2017,,,,0,,
9/19/2017,,,,0.08,,
9/20/2017,,,,0.18,,
9/21/2017,,,,0,0,
9/22/2017,,,,0,0,
9/23/2017,,,,0,0,
9/24/2017,,,,0,0,
9/25/2017,,,,0,0,
9/26/2017,,,,0.11,,
9/27/2017,,,,0.45,,
9/28/2017,,,,0.01,,
9/29/2017,,,,0.05,,
9/30/2017,,,,0.12,,
10/1/2017,,,,0,0,
10/2/2017,,,,0.06,,
10/3/2017,,,,0,0,
10/4/2017,,,,0,0,
10/5/2017,,,,0,0,
10/6/2017,,,,0,0,
10/7/2017,,,,0,0,
10/8/2017,,,,0,0,
10/9/2017,,,,0,,
10/10/2017,,,,0.03,,
10/11/2017,,,,0.12,,
10/12/2017,,,,0.53,,
10/13/2017,,,,0.06,,
10/14/2017,,,,0.26,,
10/15/2017,,,,0.07,,
10/16/2017,,,,0,,
10/17/2017,,,,0.09,,
10/18/2017,,,,0,0,
10/19/2017,,,,0,0,
10/20/2017,,,,0,0,
10/21/2017,,,,0,0,
10/22/2017,,,,0,0,
10/23/2017,,,,0,0,
10/24/2017,,,,0.01,,
10/25/2017,,,,0.02,,
10/26/2017,,,,0.01,,
10/27/2017,,,,0,0,
10/28/2017,,,,0,0,
10/29/2017,,,,0.04,,
10/30/2017,,,,0.93,,
10/31/2017,,,,0,0,
11/1/2017,,,,0,0,
11/2/2017,,,,0,0,
11/3/2017,,,,0,,
11/4/2017,,,,0,0,
11/5/2017,,,,0,0,
11/6/2017,,,,0,0,
11/7/2017,,,,0,,
11/8/2017,,,,0.3,,
11/9/2017,,,,0.59,,
11/10/2017,,,,0.12,,
11/11/2017,,,,0,0,
11/12/2017,,,,0,0,
11/13/2017,,,,0.01,,
11/14/2017,,,,0.41,,
11/15/2017,,,,0,0,
11/16/2017,,,,0,,
11/17/2017,,,,0,0,
11/18/2017,,,,0,0,
11/19/2017,,,,0,,
11/20/2017,,,,0.06,,
11/21/2017,,,,0,0,
11/22/2017,,,,1.56,,
11/23/2017,,,,0.02,,
11/24/2017,,,,0,0,
11/25/2017,,,,0,0,
11/26/2017,,,,0,0,
11/27/2017,,,,0,0,
11/28/2017,,,,0,0,
11/29/2017,,,,0,0,
11/30/2017,,,,0,0,
12/1/2017,,,,0,0,
12/2/2017,,,,0,0,
12/3/2017,,,,0.02,,
12/4/2017,,,,0,0,
12/5/2017,,,,0,0,
12/6/2017,,,,0.12,,
12/7/2017,,,,,,
12/8/2017,,,,,,
12/9/2017,,,,,,
12/10/2017,,,,,,
12/11/2017,,,,,,
12/12/2017,,,,0,0,
12/13/2017,,,,0,0,
12/14/2017,,,,0,0,
12/15/2017,,,,0,0,
12/16/2017,,,,0,0,
12/17/2017,,,,0,0,
12/18/2017,,,,0.03,,
12/19/2017,,,,0,,
12/20/2017,,,,0.02,,
12/21/2017,,,,0.19,,
12/22/2017,,,,0,,
12/23/2017,,,,0.04,,
12/24/2017,,,,0.04,,
12/25/2017,,,,1.06,,
12/26/2017,,,,0,0,
12/27/2017,,,,0,,
12/28/2017,,,,0.38,,
12/29/2017,,,,0,0,
12/30/2017,,,,0,0,
12/31/2017,,,,0,0,
1/1/2018,,,,0,0,
1/2/2018,,,,0,0,
1/3/2018,,,,0,0,
1/4/2018,,,,,,
1/5/2018,,,,,,4.5
1/6/2018,,,,0,0,
1/7/2018,,,,0,0,
1/8/2018,,,,0,0,
1/9/2018,,,,0,0,
1/10/2018,,,,0,0,
1/11/2018,,,,0,0,
1/12/2018,,,,0,,
1/13/2018,,,,1.48,,
1/14/2018,,,,0,0,
1/15/2018,,,,0,0,
1/16/2018,,,,0.02,,
1/17/2018,,,,0,0,
1/18/2018,,,,0.31,8.3,
1/19/2018,,,,0,0,
1/20/2018,,,,0,0,
1/21/2018,,,,0,0,
1/22/2018,,,,0,0,
1/23/2018,,,,0,,
1/24/2018,,,,0.09,,
1/25/2018,,,,0,0,
1/26/2018,,,,0,0,
1/27/2018,,,,0,0,
1/28/2018,,,,0.02,,
1/29/2018,,,,1.39,,
1/30/2018,,,,0.52,,
1/31/2018,,,,0.02,0,
2/1/2018,,,,0,0,
2/2/2018,,,,0.07,,
2/3/2018,,,,0.06,,
2/4/2018,,,,0,0,
2/5/2018,,,,0.22,,
2/6/2018,,,,0,0,
2/7/2018,,,,0,0,
2/8/2018,,,,0.02,,
2/9/2018,,,,0,,
2/10/2018,,,,0,0,
2/11/2018,,,,0.06,,
2/12/2018,,,,0.62,,
2/13/2018,,,,0.17,,
2/14/2018,,,,0.22,,
2/15/2018,,,,0.01,,
2/16/2018,,,,0,0,
2/17/2018,,,,0.08,,
2/18/2018,,,,0.06,,
2/19/2018,,,,0,0,
2/20/2018,,,,0.02,,
2/21/2018,,,,0.01,,
2/22/2018,,,,0,,
2/23/2018,,,,0,0,
2/24/2018,,,,0,0,
2/25/2018,,,,0,0,
2/26/2018,,,,0.03,,
2/27/2018,,,,0.06,,
2/28/2018,,,,0,0,
3/1/2018,,,,0.19,,
3/2/2018,,,,0.49,,
3/3/2018,,,,0,0,
3/4/2018,,,,0,0,
3/5/2018,,,,0,0,
3/6/2018,,,,0,0,
3/7/2018,,,,0.66,,
3/8/2018,,,,0,,
3/9/2018,,,,0,0,
3/10/2018,,,,0,0,
3/11/2018,,,,0,,
3/12/2018,,,,0.18,,
3/13/2018,,,,1.64,1,0
3/14/2018,,,,0,0,
3/15/2018,,,,0,,
3/16/2018,,,,0,0,
3/17/2018,,,,0,0,
3/18/2018,,,,0.43,,
3/19/2018,,,,0.13,,
3/20/2018,,,,0.05,,
3/21/2018,,,,0.88,,
3/22/2018,,,,0.02,,
3/23/2018,,,,0,,
3/24/2018,,,,0,0,
3/25/2018,,,,0.42,,
3/26/2018,,,,0.01,,
3/27/2018,,,,0,0,
3/28/2018,,,,0,0,
3/29/2018,,,,0,0,
3/30/2018,,,,0,0,
3/31/2018,,,,0,0,
4/1/2018,,,,0,0,
4/2/2018,,,,0,0,
4/3/2018,,,,0,0,
4/4/2018,,,,0,0,
4/5/2018,,,,0.17,,
4/6/2018,,,,0,0,
4/7/2018,,,,0,0,
4/8/2018,,,,1.68,,
4/9/2018,,,,0.02,,
4/10/2018,,,,0.35,,
4/11/2018,,,,0.02,,
4/12/2018,,,,0,0,
4/13/2018,,,,0,0,
4/14/2018,,,,0,0,
4/15/2018,,,,0,0,
4/16/2018,,,,0.85,,
4/17/2018,,,,0,,
4/18/2018,,,,0,0,
4/19/2018,,,,0,0,
4/20/2018,,,,0,0,
4/21/2018,,,,0,0,
4/22/2018,,,,0,0,
4/23/2018,,,,0,0,
4/24/2018,,,,0.02,,
4/25/2018,,,,0.69,,
4/26/2018,,,,0.33,,
4/27/2018,,,,0.01,,
4/28/2018,,,,0,0,
4/29/2018,,,,0,0,
4/30/2018,,,,,,
5/1/2018,,,,,,
5/2/2018,,,,,,
5/3/2018,,,,,,
5/4/2018,,,,,,
5/5/2018,,,,,,
5/6/2018,,,,0.82,,
5/7/2018,,,,0.75,,
5/8/2018,,,,0.01,,
5/9/2018,,,,0.01,,
5/10/2018,,,,,,
5/11/2018,,,,,,
5/12/2018,,,,,,
5/13/2018,,,,,,
5/14/2018,,,,,,
5/15/2018,,,,,,
5/16/2018,,,,,,
5/17/2018,,,,,,
5/18/2018,,,,,,
5/19/2018,,,,,,
5/20/2018,,,,,,
5/21/2018,,,,,,
5/22/2018,,,,,,
5/23/2018,,,,,,
5/24/2018,,,,,,
5/25/2018,,,,,,
5/26/2018,,,,,,
5/27/2018,,,,,,
5/28/2018,,,,,,
5/29/2018,,,,,,
5/30/2018,,,,,,
5/31/2018,,,,,,
6/1/2018,,,,,,
6/2/2018,,,,0,0,
6/3/2018,,,,0.67,,
6/4/2018,,,,0.01,,
6/5/2018,,,,0,0,
6/6/2018,,,,0,0,
6/7/2018,,,,0,0,
6/8/2018,,,,0,0,
6/9/2018,,,,0,0,
6/10/2018,,,,0,0,
6/11/2018,,,,0,,
6/12/2018,,,,0.01,,
6/13/2018,,,,0.03,,
6/14/2018,,,,,,
6/15/2018,,,,,,
6/16/2018,,,,,,
6/17/2018,,,,0,0,
6/18/2018,,,,0,0,
6/19/2018,,,,0,0,
6/20/2018,,,,0,0,
6/21/2018,,,,1.23,,
6/22/2018,,,,0.26,,
6/23/2018,,,,0,0,
6/24/2018,,,,0.25,,
6/25/2018,,,,0.1,,
6/26/2018,,,,0,,
6/27/2018,,,,0,0,
6/28/2018,,,,0,0,
6/29/2018,,,,0.03,,
6/30/2018,,,,0,0,
7/1/2018,,,,0,0,
7/2/2018,,,,0,0,
7/3/2018,,,,0,0,
7/4/2018,,,,0,0,
7/5/2018,,,,0,,
7/6/2018,,,,0,,
7/7/2018,,,,0,0,
7/8/2018,,,,0,,
7/9/2018,,,,0.02,,
7/10/2018,,,,0,0,
7/11/2018,,,,0,0,
7/12/2018,,,,0.8,,
7/13/2018,,,,0,,
7/14/2018,,,,0,0,
7/15/2018,,,,0,0,
7/16/2018,,,,0,0,
7/17/2018,,,,0,0,
7/18/2018,,,,0.47,,
7/19/2018,,,,0,0,
7/20/2018,,,,0,0,
7/21/2018,,,,2.79,,
7/22/2018,,,,1.09,,
7/23/2018,,,,0.28,,
7/24/2018,,,,1.62,,
7/25/2018,,,,1.29,,
7/26/2018,,,,0.6,,
7/27/2018,,,,0.01,,
7/28/2018,,,,0.03,,
7/29/2018,,,,0.47,,
7/30/2018,,,,0.75,,
7/31/2018,,,,0.32,,
8/1/2018,,,,0.03,,
8/2/2018,,,,0,,
8/3/2018,,,,0,,
8/4/2018,,,,0,,
8/5/2018,,,,0.07,,
8/6/2018,,,,0,0,
8/7/2018,,,,0,0,
8/8/2018,,,,0.81,,
8/9/2018,,,,0,0,
8/10/2018,,,,0,0,
8/11/2018,,,,0,0,
8/12/2018,,,,0.14,,
8/13/2018,,,,0.54,,
8/14/2018,,,,0.01,,
8/15/2018,,,,0.07,,
8/16/2018,,,,0.07,,
8/17/2018,,,,0.01,,
8/18/2018,,,,0,,
8/19/2018,,,,0.55,,
8/20/2018,,,,0.12,,
8/21/2018,,,,0.23,,
8/22/2018,,,,0.05,,
8/23/2018,,,,0.11,,
8/24/2018,,,,0,0,
8/25/2018,,,,0,0,
8/26/2018,,,,0,0,
8/27/2018,,,,0,0,
8/28/2018,,,,0,0,
8/29/2018,,,,0,0,
8/30/2018,,,,0,0,
8/31/2018,,,,,,
9/1/2018,,,,,,
9/2/2018,,,,,,
9/3/2018,,,,,,
9/4/2018,,,,0,0,
9/5/2018,,,,0,0,
9/6/2018,,,,0,0,
9/7/2018,,,,0,0,
9/8/2018,,,,0,0,
9/9/2018,,,,0.07,,
9/10/2018,,,,0.38,,
9/11/2018,,,,0.35,,
9/12/2018,,,,0.17,,
9/13/2018,,,,0,,
9/14/2018,,,,1.55,,
9/15/2018,,,,0.5,,
9/16/2018,,,,0.08,,
9/17/2018,,,,0.19,,
9/18/2018,,,,0,0,
9/19/2018,,,,0.32,,
9/20/2018,,,,0,0,
9/21/2018,,,,0,0,
9/22/2018,,,,0,0,
9/23/2018,,,,0.01,,
9/24/2018,,,,0,,
9/25/2018,,,,0,,
9/26/2018,,,,0.23,,
9/27/2018,,,,0,0,
9/28/2018,,,,0,,
9/29/2018,,,,0.54,,
9/30/2018,,,,0,0,
10/1/2018,,,,0,0,
10/2/2018,,,,0,0,
10/3/2018,,,,0,0,
10/4/2018,,,,0,0,
10/5/2018,,,,0,0,
10/6/2018,,,,0,0,
10/7/2018,,,,0,,
10/8/2018,,,,0,0,
10/9/2018,,,,0,0,
10/10/2018,,,,0.09,,
10/11/2018,,,,0.13,,
10/12/2018,,,,0.04,,
10/13/2018,,,,0,0,
10/14/2018,,,,0,0,
10/15/2018,,,,0,,
10/16/2018,,,,0.02,,
10/17/2018,,,,0,,
10/18/2018,,,,0.09,,
10/19/2018,,,,0,0,
10/20/2018,,,,0.02,,
10/21/2018,,,,0.08,,
10/22/2018,,,,0,0,
10/23/2018,,,,0,0,
10/24/2018,,,,0,0,
10/25/2018,,,,0,0,
10/26/2018,,,,0,0,
10/27/2018,,,,1.49,,
10/28/2018,,,,0.01,,
10/29/2018,,,,0,0,
10/30/2018,,,,0,0,
10/31/2018,,,,0,0,
11/1/2018,,,,0,0,
11/2/2018,,,,,,
11/3/2018,,,,,,
11/4/2018,,,,,,
11/5/2018,,,,,,
11/6/2018,,,,,,
11/7/2018,,,,,,
11/8/2018,,,,,,
11/9/2018,,,,,,
11/10/2018,,,,0.04,,
11/11/2018,,,,0.03,,
11/12/2018,,,,0,0,
11/13/2018,,,,0.9,,
11/14/2018,,,,0.01,,
11/15/2018,,,,0.19,,
11/16/2018,,,,0.98,,
11/17/2018,,,,0,0,
11/18/2018,,,,0,0,
11/19/2018,,,,0.01,,
11/20/2018,,,,0.13,,
11/21/2018,,,,0,0,
11/22/2018,,,,0,0,
11/23/2018,,,,0,0,
11/24/2018,,,,0,0,
11/25/2018,,,,0.33,,
11/26/2018,,,,0,,
11/27/2018,,,,0.19,,
11/28/2018,,,,0,0,
11/29/2018,,,,,,
11/30/2018,,,,,,
12/1/2018,,,,,,
12/2/2018,,,,,,
12/3/2018,,,,,,
12/4/2018,,,,,,
12/5/2018,,,,,,
12/6/2018,,,,,,
12/7/2018,,,,,,
12/8/2018,,,,,,
12/9/2018,,,,,,
12/10/2018,,,,,,
12/11/2018,,,,,,
12/12/2018,,,,,,
12/13/2018,,,,,,
12/14/2018,,,,,,
12/15/2018,,,,1.79,,
12/16/2018,,,,0.35,,
12/17/2018,,,,0,0,
12/18/2018,,,,0,0,
12/19/2018,,,,0,0,
12/20/2018,,,,0.1,,
12/21/2018,,,,1.6,,
12/22/2018,,,,0.63,,
12/23/2018,,,,0,0,
12/24/2018,,,,0,0,
12/25/2018,,,,0,0,
12/26/2018,,,,0,0,
12/27/2018,,,,0,0,
12/28/2018,,,,0.01,,
12/29/2018,,,,0.53,,
12/30/2018,,,,0,0,
12/31/2018,,,,0.03,,
1/1/2019,,,,0.01,,
1/2/2019,,,,0,0,
1/3/2019,,,,0,,
1/4/2019,,,,0.04,,
1/5/2019,,,,0.72,,
1/6/2019,,,,0,0,
1/7/2019,,,,0,0,
1/8/2019,,,,0,,
1/9/2019,,,,0,0,
1/10/2019,,,,0,0,
1/11/2019,,,,0,0,
1/12/2019,,,,0,0,
1/13/2019,,,,0.44,,
1/14/2019,,,,0.54,,
1/15/2019,,,,0,,
1/16/2019,,,,0,0,
1/17/2019,,,,0,0,
1/18/2019,,,,0.02,,
1/19/2019,,,,0,0,
1/20/2019,,,,0.17,,
1/21/2019,,,,0.28,,
1/22/2019,,,,0,0,
1/23/2019,,,,0,0,
1/24/2019,,,,0.01,,
1/25/2019,,,,1.2,,
1/26/2019,,,,0,0,
1/27/2019,,,,0,0,
1/28/2019,,,,0.01,,
1/29/2019,,,,0.01,0,
1/30/2019,,,,0.01,,
1/31/2019,,,,0,0,
2/1/2019,,,,0,0,
2/2/2019,,,,0,0,
2/3/2019,,,,0,0,
2/4/2019,,,,1.3,,
2/5/2019,,,,0.2,,
2/6/2019,,,,0,0,
2/7/2019,,,,0,,
2/8/2019,,,,0,,
2/9/2019,,,,0,0,
2/10/2019,,,,0,0,
2/11/2019,,,,0.01,,
2/12/2019,,,,0.61,,
2/13/2019,,,,0.02,,
2/14/2019,,,,0,0,
2/15/2019,,,,0,0,
2/16/2019,,,,0.01,,
2/17/2019,,,,0.12,,
2/18/2019,,,,0.32,,
2/19/2019,,,,0,0,
2/20/2019,,,,0.15,,
2/21/2019,,,,0.13,,
2/22/2019,,,,0,,
2/23/2019,,,,0.47,,
2/24/2019,,,,0.4,,
2/25/2019,,,,0.01,,
2/26/2019,,,,0,0,
2/27/2019,,,,0,0,
2/28/2019,,,,0,,
3/1/2019,,,,0.04,,
3/2/2019,,,,0.22,,
3/3/2019,,,,0,0,
3/4/2019,,,,0.52,,
3/5/2019,,,,0,0,
3/6/2019,,,,0,,
3/7/2019,,,,0,0,
3/8/2019,,,,0,0,
3/9/2019,,,,0,,
3/10/2019,,,,0,0,
3/11/2019,,,,0.02,,
3/12/2019,,,,0,0,
3/13/2019,,,,0,0,
3/14/2019,,,,0,0,
3/15/2019,,,,0,0,
3/16/2019,,,,0,0,
3/17/2019,,,,0,0,
3/18/2019,,,,0,0,
3/19/2019,,,,0,0,
3/20/2019,,,,0,0,
3/21/2019,,,,0.42,,
3/22/2019,,,,0.12,,
3/23/2019,,,,0,,
3/24/2019,,,,0,0,
3/25/2019,,,,0,0,
3/26/2019,,,,0.67,,
3/27/2019,,,,0.03,,
3/28/2019,,,,0,0,
3/29/2019,,,,0,0,
3/30/2019,,,,0,0,
3/31/2019,,,,0,0,
4/1/2019,,,,0.13,,
4/2/2019,,,,0,0,
4/3/2019,,,,1.41,,
4/4/2019,,,,0,0,
4/5/2019,,,,0,0,
4/6/2019,,,,0.04,,
4/7/2019,,,,0,0,
4/8/2019,,,,0,0,
4/9/2019,,,,0.51,,
4/10/2019,,,,0.01,,
4/11/2019,,,,0,0,
4/12/2019,,,,0,0,
4/13/2019,,,,0,0,
4/14/2019,,,,0.54,,
4/15/2019,,,,0.64,,
4/16/2019,,,,0,0,
4/17/2019,,,,0,0,
4/18/2019,,,,0,0,
4/19/2019,,,,0,0,
4/20/2019,,,,,,
4/21/2019,,,,,,
4/22/2019,,,,,,
4/23/2019,,,,0,0,
4/24/2019,,,,0,0,
4/25/2019,,,,0,0,
4/26/2019,,,,0,0,
4/27/2019,,,,0.49,,
